{
    "latitude": 47.8209301,
    "longitude": -122.3151314,
    "timezone": "America/Los_Angeles",
    "currently": {
      "time": 1540057361,
      "summary": "Mostly Cloudy",
      "icon": "partly-cloudy-day",
      "nearestStormDistance": 514,
      "nearestStormBearing": 176,
      "precipIntensity": 0,
      "precipProbability": 0,
      "temperature": 49.9,
      "apparentTemperature": 48.62,
      "dewPoint": 46.75,
      "humidity": 0.89,
      "pressure": 1023.14,
      "windSpeed": 4.19,
      "windGust": 7.08,
      "windBearing": 52,
      "cloudCover": 0.66,
      "uvIndex": 2,
      "visibility": 6.51,
      "ozone": 246.97
    },
    "minutely": {
      "summary": "Mostly cloudy for the hour.",
      "icon": "partly-cloudy-day",
      "data": [
        {
          "time": 1540057320,
          "precipIntensity": 0,
          "precipProbability": 0
        },
        {
          "time": 1540057380,
          "precipIntensity": 0,
          "precipProbability": 0
        },
        {
          "time": 1540057440,
          "precipIntensity": 0,
          "precipProbability": 0
        },
        {
          "time": 1540057500,
          "precipIntensity": 0,
          "precipProbability": 0
        },
        {
          "time": 1540057560,
          "precipIntensity": 0,
          "precipProbability": 0
        },
        {
          "time": 1540057620,
          "precipIntensity": 0,
          "precipProbability": 0
        },
        {
          "time": 1540057680,
          "precipIntensity": 0,
          "precipProbability": 0
        },
        {
          "time": 1540057740,
          "precipIntensity": 0,
          "precipProbability": 0
        },
        {
          "time": 1540057800,
          "precipIntensity": 0,
          "precipProbability": 0
        },
        {
          "time": 1540057860,
          "precipIntensity": 0,
          "precipProbability": 0
        },
        {
          "time": 1540057920,
          "precipIntensity": 0,
          "precipProbability": 0
        },
        {
          "time": 1540057980,
          "precipIntensity": 0,
          "precipProbability": 0
        },
        {
          "time": 1540058040,
          "precipIntensity": 0,
          "precipProbability": 0
        },
        {
          "time": 1540058100,
          "precipIntensity": 0,
          "precipProbability": 0
        },
        {
          "time": 1540058160,
          "precipIntensity": 0,
          "precipProbability": 0
        },
        {
          "time": 1540058220,
          "precipIntensity": 0,
          "precipProbability": 0
        },
        {
          "time": 1540058280,
          "precipIntensity": 0,
          "precipProbability": 0
        },
        {
          "time": 1540058340,
          "precipIntensity": 0,
          "precipProbability": 0
        },
        {
          "time": 1540058400,
          "precipIntensity": 0,
          "precipProbability": 0
        },
        {
          "time": 1540058460,
          "precipIntensity": 0,
          "precipProbability": 0
        },
        {
          "time": 1540058520,
          "precipIntensity": 0,
          "precipProbability": 0
        },
        {
          "time": 1540058580,
          "precipIntensity": 0,
          "precipProbability": 0
        },
        {
          "time": 1540058640,
          "precipIntensity": 0,
          "precipProbability": 0
        },
        {
          "time": 1540058700,
          "precipIntensity": 0,
          "precipProbability": 0
        },
        {
          "time": 1540058760,
          "precipIntensity": 0,
          "precipProbability": 0
        },
        {
          "time": 1540058820,
          "precipIntensity": 0,
          "precipProbability": 0
        },
        {
          "time": 1540058880,
          "precipIntensity": 0,
          "precipProbability": 0
        },
        {
          "time": 1540058940,
          "precipIntensity": 0,
          "precipProbability": 0
        },
        {
          "time": 1540059000,
          "precipIntensity": 0,
          "precipProbability": 0
        },
        {
          "time": 1540059060,
          "precipIntensity": 0,
          "precipProbability": 0
        },
        {
          "time": 1540059120,
          "precipIntensity": 0,
          "precipProbability": 0
        },
        {
          "time": 1540059180,
          "precipIntensity": 0,
          "precipProbability": 0
        },
        {
          "time": 1540059240,
          "precipIntensity": 0,
          "precipProbability": 0
        },
        {
          "time": 1540059300,
          "precipIntensity": 0,
          "precipProbability": 0
        },
        {
          "time": 1540059360,
          "precipIntensity": 0,
          "precipProbability": 0
        },
        {
          "time": 1540059420,
          "precipIntensity": 0,
          "precipProbability": 0
        },
        {
          "time": 1540059480,
          "precipIntensity": 0,
          "precipProbability": 0
        },
        {
          "time": 1540059540,
          "precipIntensity": 0,
          "precipProbability": 0
        },
        {
          "time": 1540059600,
          "precipIntensity": 0,
          "precipProbability": 0
        },
        {
          "time": 1540059660,
          "precipIntensity": 0,
          "precipProbability": 0
        },
        {
          "time": 1540059720,
          "precipIntensity": 0,
          "precipProbability": 0
        },
        {
          "time": 1540059780,
          "precipIntensity": 0,
          "precipProbability": 0
        },
        {
          "time": 1540059840,
          "precipIntensity": 0,
          "precipProbability": 0
        },
        {
          "time": 1540059900,
          "precipIntensity": 0,
          "precipProbability": 0
        },
        {
          "time": 1540059960,
          "precipIntensity": 0,
          "precipProbability": 0
        },
        {
          "time": 1540060020,
          "precipIntensity": 0,
          "precipProbability": 0
        },
        {
          "time": 1540060080,
          "precipIntensity": 0,
          "precipProbability": 0
        },
        {
          "time": 1540060140,
          "precipIntensity": 0,
          "precipProbability": 0
        },
        {
          "time": 1540060200,
          "precipIntensity": 0,
          "precipProbability": 0
        },
        {
          "time": 1540060260,
          "precipIntensity": 0,
          "precipProbability": 0
        },
        {
          "time": 1540060320,
          "precipIntensity": 0,
          "precipProbability": 0
        },
        {
          "time": 1540060380,
          "precipIntensity": 0,
          "precipProbability": 0
        },
        {
          "time": 1540060440,
          "precipIntensity": 0,
          "precipProbability": 0
        },
        {
          "time": 1540060500,
          "precipIntensity": 0,
          "precipProbability": 0
        },
        {
          "time": 1540060560,
          "precipIntensity": 0,
          "precipProbability": 0
        },
        {
          "time": 1540060620,
          "precipIntensity": 0,
          "precipProbability": 0
        },
        {
          "time": 1540060680,
          "precipIntensity": 0,
          "precipProbability": 0
        },
        {
          "time": 1540060740,
          "precipIntensity": 0,
          "precipProbability": 0
        },
        {
          "time": 1540060800,
          "precipIntensity": 0,
          "precipProbability": 0
        },
        {
          "time": 1540060860,
          "precipIntensity": 0,
          "precipProbability": 0
        },
        {
          "time": 1540060920,
          "precipIntensity": 0,
          "precipProbability": 0
        }
      ]
    },
    "hourly": {
      "summary": "Partly cloudy starting tonight.",
      "icon": "partly-cloudy-night",
      "data": [
        {
          "time": 1540054800,
          "summary": "Mostly Cloudy",
          "icon": "partly-cloudy-day",
          "precipIntensity": 0,
          "precipProbability": 0,
          "temperature": 47.93,
          "apparentTemperature": 47.06,
          "dewPoint": 46.23,
          "humidity": 0.94,
          "pressure": 1023.55,
          "windSpeed": 3.3,
          "windGust": 5.42,
          "windBearing": 356,
          "cloudCover": 0.9,
          "uvIndex": 1,
          "visibility": 3.73,
          "ozone": 246.96
        },
        {
          "time": 1540058400,
          "summary": "Partly Cloudy",
          "icon": "partly-cloudy-day",
          "precipIntensity": 0.0004,
          "precipProbability": 0.01,
          "precipType": "rain",
          "temperature": 50.7,
          "apparentTemperature": 50.7,
          "dewPoint": 46.93,
          "humidity": 0.87,
          "pressure": 1022.98,
          "windSpeed": 4.61,
          "windGust": 7.75,
          "windBearing": 75,
          "cloudCover": 0.57,
          "uvIndex": 2,
          "visibility": 7.64,
          "ozone": 246.97
        },
        {
          "time": 1540062000,
          "summary": "Partly Cloudy",
          "icon": "partly-cloudy-day",
          "precipIntensity": 0.0019,
          "precipProbability": 0.01,
          "precipType": "rain",
          "temperature": 52.87,
          "apparentTemperature": 52.87,
          "dewPoint": 47.3,
          "humidity": 0.81,
          "pressure": 1022.08,
          "windSpeed": 6.36,
          "windGust": 10.51,
          "windBearing": 139,
          "cloudCover": 0.29,
          "uvIndex": 3,
          "visibility": 10,
          "ozone": 247.07
        },
        {
          "time": 1540065600,
          "summary": "Clear",
          "icon": "clear-day",
          "precipIntensity": 0,
          "precipProbability": 0,
          "temperature": 55.27,
          "apparentTemperature": 55.27,
          "dewPoint": 47.57,
          "humidity": 0.75,
          "pressure": 1021.29,
          "windSpeed": 7.61,
          "windGust": 11.86,
          "windBearing": 162,
          "cloudCover": 0.15,
          "uvIndex": 3,
          "visibility": 10,
          "ozone": 247.22
        },
        {
          "time": 1540069200,
          "summary": "Clear",
          "icon": "clear-day",
          "precipIntensity": 0,
          "precipProbability": 0,
          "temperature": 57.03,
          "apparentTemperature": 57.03,
          "dewPoint": 47.73,
          "humidity": 0.71,
          "pressure": 1020.72,
          "windSpeed": 8.27,
          "windGust": 12.58,
          "windBearing": 175,
          "cloudCover": 0.12,
          "uvIndex": 3,
          "visibility": 10,
          "ozone": 247.49
        },
        {
          "time": 1540072800,
          "summary": "Clear",
          "icon": "clear-day",
          "precipIntensity": 0,
          "precipProbability": 0,
          "temperature": 57.85,
          "apparentTemperature": 57.85,
          "dewPoint": 47.54,
          "humidity": 0.68,
          "pressure": 1020.12,
          "windSpeed": 8.29,
          "windGust": 13.25,
          "windBearing": 181,
          "cloudCover": 0.11,
          "uvIndex": 2,
          "visibility": 10,
          "ozone": 247.76
        },
        {
          "time": 1540076400,
          "summary": "Clear",
          "icon": "clear-day",
          "precipIntensity": 0.0017,
          "precipProbability": 0.01,
          "precipType": "rain",
          "temperature": 57.52,
          "apparentTemperature": 57.52,
          "dewPoint": 47.09,
          "humidity": 0.68,
          "pressure": 1019.98,
          "windSpeed": 7.77,
          "windGust": 13.31,
          "windBearing": 178,
          "cloudCover": 0.1,
          "uvIndex": 1,
          "visibility": 10,
          "ozone": 248.07
        },
        {
          "time": 1540080000,
          "summary": "Clear",
          "icon": "clear-day",
          "precipIntensity": 0,
          "precipProbability": 0,
          "temperature": 56.21,
          "apparentTemperature": 56.21,
          "dewPoint": 46.87,
          "humidity": 0.71,
          "pressure": 1019.57,
          "windSpeed": 7.48,
          "windGust": 13.81,
          "windBearing": 167,
          "cloudCover": 0.1,
          "uvIndex": 0,
          "visibility": 10,
          "ozone": 248.35
        },
        {
          "time": 1540083600,
          "summary": "Clear",
          "icon": "clear-day",
          "precipIntensity": 0.0004,
          "precipProbability": 0.01,
          "precipType": "rain",
          "temperature": 53.82,
          "apparentTemperature": 53.82,
          "dewPoint": 46.83,
          "humidity": 0.77,
          "pressure": 1019.37,
          "windSpeed": 6.56,
          "windGust": 13.87,
          "windBearing": 131,
          "cloudCover": 0.11,
          "uvIndex": 0,
          "visibility": 10,
          "ozone": 248.37
        },
        {
          "time": 1540087200,
          "summary": "Clear",
          "icon": "clear-night",
          "precipIntensity": 0.0017,
          "precipProbability": 0.01,
          "precipType": "rain",
          "temperature": 51.52,
          "apparentTemperature": 51.52,
          "dewPoint": 46.74,
          "humidity": 0.84,
          "pressure": 1019.1,
          "windSpeed": 6,
          "windGust": 11.6,
          "windBearing": 105,
          "cloudCover": 0.13,
          "uvIndex": 0,
          "visibility": 10,
          "ozone": 248.35
        },
        {
          "time": 1540090800,
          "summary": "Clear",
          "icon": "clear-night",
          "precipIntensity": 0,
          "precipProbability": 0,
          "temperature": 50.01,
          "apparentTemperature": 50.01,
          "dewPoint": 46.48,
          "humidity": 0.88,
          "pressure": 1019.04,
          "windSpeed": 5.66,
          "windGust": 10.77,
          "windBearing": 72,
          "cloudCover": 0.15,
          "uvIndex": 0,
          "visibility": 10,
          "ozone": 248.35
        },
        {
          "time": 1540094400,
          "summary": "Clear",
          "icon": "clear-night",
          "precipIntensity": 0,
          "precipProbability": 0,
          "temperature": 49.46,
          "apparentTemperature": 47.29,
          "dewPoint": 46.03,
          "humidity": 0.88,
          "pressure": 1018.91,
          "windSpeed": 5.49,
          "windGust": 10.28,
          "windBearing": 55,
          "cloudCover": 0.16,
          "uvIndex": 0,
          "visibility": 10,
          "ozone": 248.37
        },
        {
          "time": 1540098000,
          "summary": "Clear",
          "icon": "clear-night",
          "precipIntensity": 0,
          "precipProbability": 0,
          "temperature": 49.25,
          "apparentTemperature": 47.12,
          "dewPoint": 45.57,
          "humidity": 0.87,
          "pressure": 1018.91,
          "windSpeed": 5.36,
          "windGust": 9.82,
          "windBearing": 56,
          "cloudCover": 0.18,
          "uvIndex": 0,
          "visibility": 10,
          "ozone": 248.54
        },
        {
          "time": 1540101600,
          "summary": "Clear",
          "icon": "clear-night",
          "precipIntensity": 0,
          "precipProbability": 0,
          "temperature": 49.07,
          "apparentTemperature": 46.97,
          "dewPoint": 45.13,
          "humidity": 0.86,
          "pressure": 1018.68,
          "windSpeed": 5.26,
          "windGust": 9.58,
          "windBearing": 55,
          "cloudCover": 0.19,
          "uvIndex": 0,
          "visibility": 10,
          "ozone": 248.55
        },
        {
          "time": 1540105200,
          "summary": "Partly Cloudy",
          "icon": "partly-cloudy-night",
          "precipIntensity": 0,
          "precipProbability": 0,
          "temperature": 48.54,
          "apparentTemperature": 46.58,
          "dewPoint": 44.24,
          "humidity": 0.85,
          "pressure": 1018.55,
          "windSpeed": 4.87,
          "windGust": 7.83,
          "windBearing": 62,
          "cloudCover": 0.32,
          "uvIndex": 0,
          "visibility": 10,
          "ozone": 248.36
        },
        {
          "time": 1540108800,
          "summary": "Partly Cloudy",
          "icon": "partly-cloudy-night",
          "precipIntensity": 0,
          "precipProbability": 0,
          "temperature": 48.02,
          "apparentTemperature": 46.04,
          "dewPoint": 43.75,
          "humidity": 0.85,
          "pressure": 1018.04,
          "windSpeed": 4.78,
          "windGust": 7.72,
          "windBearing": 45,
          "cloudCover": 0.34,
          "uvIndex": 0,
          "visibility": 10,
          "ozone": 248.04
        },
        {
          "time": 1540112400,
          "summary": "Partly Cloudy",
          "icon": "partly-cloudy-night",
          "precipIntensity": 0,
          "precipProbability": 0,
          "temperature": 47.65,
          "apparentTemperature": 45.72,
          "dewPoint": 43.25,
          "humidity": 0.85,
          "pressure": 1017.62,
          "windSpeed": 4.6,
          "windGust": 7.54,
          "windBearing": 32,
          "cloudCover": 0.36,
          "uvIndex": 0,
          "visibility": 10,
          "ozone": 248.02
        },
        {
          "time": 1540116000,
          "summary": "Partly Cloudy",
          "icon": "partly-cloudy-night",
          "precipIntensity": 0,
          "precipProbability": 0,
          "temperature": 47.12,
          "apparentTemperature": 45.32,
          "dewPoint": 42.74,
          "humidity": 0.85,
          "pressure": 1017.5,
          "windSpeed": 4.3,
          "windGust": 7.22,
          "windBearing": 25,
          "cloudCover": 0.36,
          "uvIndex": 0,
          "visibility": 10,
          "ozone": 248.34
        },
        {
          "time": 1540119600,
          "summary": "Partly Cloudy",
          "icon": "partly-cloudy-night",
          "precipIntensity": 0.0003,
          "precipProbability": 0.01,
          "precipType": "rain",
          "temperature": 46.31,
          "apparentTemperature": 44.68,
          "dewPoint": 42.22,
          "humidity": 0.86,
          "pressure": 1017.48,
          "windSpeed": 3.91,
          "windGust": 6.84,
          "windBearing": 19,
          "cloudCover": 0.36,
          "uvIndex": 0,
          "visibility": 10,
          "ozone": 248.9
        },
        {
          "time": 1540123200,
          "summary": "Partly Cloudy",
          "icon": "partly-cloudy-night",
          "precipIntensity": 0.0004,
          "precipProbability": 0.01,
          "precipType": "rain",
          "temperature": 45.45,
          "apparentTemperature": 44.01,
          "dewPoint": 41.77,
          "humidity": 0.87,
          "pressure": 1017.44,
          "windSpeed": 3.54,
          "windGust": 6.37,
          "windBearing": 14,
          "cloudCover": 0.36,
          "uvIndex": 0,
          "visibility": 10,
          "ozone": 249.56
        },
        {
          "time": 1540126800,
          "summary": "Partly Cloudy",
          "icon": "partly-cloudy-night",
          "precipIntensity": 0.0003,
          "precipProbability": 0.01,
          "precipType": "rain",
          "temperature": 44.24,
          "apparentTemperature": 42.96,
          "dewPoint": 41.3,
          "humidity": 0.89,
          "pressure": 1017.26,
          "windSpeed": 3.19,
          "windGust": 5.73,
          "windBearing": 2,
          "cloudCover": 0.36,
          "uvIndex": 0,
          "visibility": 10,
          "ozone": 250.59
        },
        {
          "time": 1540130400,
          "summary": "Partly Cloudy",
          "icon": "partly-cloudy-night",
          "precipIntensity": 0.0003,
          "precipProbability": 0.01,
          "precipType": "rain",
          "temperature": 43.19,
          "apparentTemperature": 43.19,
          "dewPoint": 40.92,
          "humidity": 0.92,
          "pressure": 1017.06,
          "windSpeed": 2.88,
          "windGust": 5.03,
          "windBearing": 352,
          "cloudCover": 0.37,
          "uvIndex": 0,
          "visibility": 10,
          "ozone": 251.69
        },
        {
          "time": 1540134000,
          "summary": "Partly Cloudy",
          "icon": "partly-cloudy-day",
          "precipIntensity": 0.0003,
          "precipProbability": 0.01,
          "precipType": "rain",
          "temperature": 43.72,
          "apparentTemperature": 43.72,
          "dewPoint": 40.87,
          "humidity": 0.9,
          "pressure": 1016.86,
          "windSpeed": 2.7,
          "windGust": 4.54,
          "windBearing": 356,
          "cloudCover": 0.36,
          "uvIndex": 0,
          "visibility": 10,
          "ozone": 252.85
        },
        {
          "time": 1540137600,
          "summary": "Partly Cloudy",
          "icon": "partly-cloudy-day",
          "precipIntensity": 0.0002,
          "precipProbability": 0.01,
          "precipType": "rain",
          "temperature": 46.54,
          "apparentTemperature": 46.54,
          "dewPoint": 41.36,
          "humidity": 0.82,
          "pressure": 1016.75,
          "windSpeed": 2.72,
          "windGust": 4.38,
          "windBearing": 17,
          "cloudCover": 0.36,
          "uvIndex": 0,
          "visibility": 10,
          "ozone": 253.83
        },
        {
          "time": 1540141200,
          "summary": "Partly Cloudy",
          "icon": "partly-cloudy-day",
          "precipIntensity": 0,
          "precipProbability": 0,
          "temperature": 50.96,
          "apparentTemperature": 50.96,
          "dewPoint": 42.21,
          "humidity": 0.72,
          "pressure": 1016.67,
          "windSpeed": 2.76,
          "windGust": 4.39,
          "windBearing": 54,
          "cloudCover": 0.36,
          "uvIndex": 1,
          "visibility": 10,
          "ozone": 254.82
        },
        {
          "time": 1540144800,
          "summary": "Partly Cloudy",
          "icon": "partly-cloudy-day",
          "precipIntensity": 0,
          "precipProbability": 0,
          "temperature": 54.91,
          "apparentTemperature": 54.91,
          "dewPoint": 43.04,
          "humidity": 0.64,
          "pressure": 1016.47,
          "windSpeed": 2.86,
          "windGust": 4.42,
          "windBearing": 88,
          "cloudCover": 0.33,
          "uvIndex": 2,
          "visibility": 10,
          "ozone": 255.53
        },
        {
          "time": 1540148400,
          "summary": "Partly Cloudy",
          "icon": "partly-cloudy-day",
          "precipIntensity": 0,
          "precipProbability": 0,
          "temperature": 57.8,
          "apparentTemperature": 57.8,
          "dewPoint": 43.73,
          "humidity": 0.59,
          "pressure": 1016.05,
          "windSpeed": 3.21,
          "windGust": 4.51,
          "windBearing": 112,
          "cloudCover": 0.25,
          "uvIndex": 3,
          "visibility": 10,
          "ozone": 255.79
        },
        {
          "time": 1540152000,
          "summary": "Clear",
          "icon": "clear-day",
          "precipIntensity": 0,
          "precipProbability": 0,
          "temperature": 60.79,
          "apparentTemperature": 60.79,
          "dewPoint": 44.35,
          "humidity": 0.55,
          "pressure": 1015.52,
          "windSpeed": 3.76,
          "windGust": 4.69,
          "windBearing": 137,
          "cloudCover": 0.15,
          "uvIndex": 3,
          "visibility": 10,
          "ozone": 255.81
        },
        {
          "time": 1540155600,
          "summary": "Clear",
          "icon": "clear-day",
          "precipIntensity": 0,
          "precipProbability": 0,
          "temperature": 62.8,
          "apparentTemperature": 62.8,
          "dewPoint": 44.89,
          "humidity": 0.52,
          "pressure": 1015.07,
          "windSpeed": 4.16,
          "windGust": 4.88,
          "windBearing": 148,
          "cloudCover": 0.07,
          "uvIndex": 3,
          "visibility": 10,
          "ozone": 255.93
        },
        {
          "time": 1540159200,
          "summary": "Clear",
          "icon": "clear-day",
          "precipIntensity": 0,
          "precipProbability": 0,
          "temperature": 63.41,
          "apparentTemperature": 63.41,
          "dewPoint": 45.43,
          "humidity": 0.52,
          "pressure": 1014.72,
          "windSpeed": 4.42,
          "windGust": 5.18,
          "windBearing": 150,
          "cloudCover": 0.05,
          "uvIndex": 2,
          "visibility": 10,
          "ozone": 256.19
        },
        {
          "time": 1540162800,
          "summary": "Clear",
          "icon": "clear-day",
          "precipIntensity": 0,
          "precipProbability": 0,
          "temperature": 62.6,
          "apparentTemperature": 62.6,
          "dewPoint": 45.91,
          "humidity": 0.54,
          "pressure": 1014.43,
          "windSpeed": 4.54,
          "windGust": 5.48,
          "windBearing": 140,
          "cloudCover": 0.05,
          "uvIndex": 1,
          "visibility": 10,
          "ozone": 256.5
        },
        {
          "time": 1540166400,
          "summary": "Clear",
          "icon": "clear-day",
          "precipIntensity": 0.0002,
          "precipProbability": 0.01,
          "precipType": "rain",
          "temperature": 60.8,
          "apparentTemperature": 60.8,
          "dewPoint": 46.1,
          "humidity": 0.58,
          "pressure": 1014.33,
          "windSpeed": 4.48,
          "windGust": 5.42,
          "windBearing": 113,
          "cloudCover": 0.05,
          "uvIndex": 0,
          "visibility": 10,
          "ozone": 256.92
        },
        {
          "time": 1540170000,
          "summary": "Clear",
          "icon": "clear-day",
          "precipIntensity": 0.0003,
          "precipProbability": 0.01,
          "precipType": "rain",
          "temperature": 57.66,
          "apparentTemperature": 57.66,
          "dewPoint": 45.81,
          "humidity": 0.65,
          "pressure": 1014.55,
          "windSpeed": 4.12,
          "windGust": 4.72,
          "windBearing": 76,
          "cloudCover": 0.05,
          "uvIndex": 0,
          "visibility": 10,
          "ozone": 257.57
        },
        {
          "time": 1540173600,
          "summary": "Clear",
          "icon": "clear-night",
          "precipIntensity": 0.0002,
          "precipProbability": 0.01,
          "precipType": "rain",
          "temperature": 54.23,
          "apparentTemperature": 54.23,
          "dewPoint": 45.21,
          "humidity": 0.71,
          "pressure": 1014.94,
          "windSpeed": 3.52,
          "windGust": 3.7,
          "windBearing": 36,
          "cloudCover": 0.04,
          "uvIndex": 0,
          "visibility": 10,
          "ozone": 258.45
        },
        {
          "time": 1540177200,
          "summary": "Clear",
          "icon": "clear-night",
          "precipIntensity": 0.0002,
          "precipProbability": 0.01,
          "precipType": "rain",
          "temperature": 51.82,
          "apparentTemperature": 51.82,
          "dewPoint": 44.59,
          "humidity": 0.76,
          "pressure": 1015.25,
          "windSpeed": 2.93,
          "windGust": 2.99,
          "windBearing": 1,
          "cloudCover": 0.04,
          "uvIndex": 0,
          "visibility": 10,
          "ozone": 259.21
        },
        {
          "time": 1540180800,
          "summary": "Clear",
          "icon": "clear-night",
          "precipIntensity": 0,
          "precipProbability": 0,
          "temperature": 50.84,
          "apparentTemperature": 50.84,
          "dewPoint": 44.02,
          "humidity": 0.77,
          "pressure": 1015.32,
          "windSpeed": 2.39,
          "windGust": 2.53,
          "windBearing": 338,
          "cloudCover": 0.06,
          "uvIndex": 0,
          "visibility": 10,
          "ozone": 259.68
        },
        {
          "time": 1540184400,
          "summary": "Clear",
          "icon": "clear-night",
          "precipIntensity": 0,
          "precipProbability": 0,
          "temperature": 50.5,
          "apparentTemperature": 50.5,
          "dewPoint": 43.43,
          "humidity": 0.77,
          "pressure": 1015.26,
          "windSpeed": 1.87,
          "windGust": 2.12,
          "windBearing": 323,
          "cloudCover": 0.09,
          "uvIndex": 0,
          "visibility": 10,
          "ozone": 260.08
        },
        {
          "time": 1540188000,
          "summary": "Clear",
          "icon": "clear-night",
          "precipIntensity": 0,
          "precipProbability": 0,
          "temperature": 50.2,
          "apparentTemperature": 50.2,
          "dewPoint": 42.86,
          "humidity": 0.76,
          "pressure": 1015.22,
          "windSpeed": 1.5,
          "windGust": 1.83,
          "windBearing": 314,
          "cloudCover": 0.11,
          "uvIndex": 0,
          "visibility": 10,
          "ozone": 260.36
        },
        {
          "time": 1540191600,
          "summary": "Clear",
          "icon": "clear-night",
          "precipIntensity": 0,
          "precipProbability": 0,
          "temperature": 49.7,
          "apparentTemperature": 49.7,
          "dewPoint": 42.37,
          "humidity": 0.76,
          "pressure": 1015.25,
          "windSpeed": 1.41,
          "windGust": 1.69,
          "windBearing": 296,
          "cloudCover": 0.1,
          "uvIndex": 0,
          "visibility": 10,
          "ozone": 260.42
        },
        {
          "time": 1540195200,
          "summary": "Clear",
          "icon": "clear-night",
          "precipIntensity": 0,
          "precipProbability": 0,
          "temperature": 49.07,
          "apparentTemperature": 49.07,
          "dewPoint": 41.88,
          "humidity": 0.76,
          "pressure": 1015.27,
          "windSpeed": 1.4,
          "windGust": 1.69,
          "windBearing": 284,
          "cloudCover": 0.08,
          "uvIndex": 0,
          "visibility": 10,
          "ozone": 260.53
        },
        {
          "time": 1540198800,
          "summary": "Clear",
          "icon": "clear-night",
          "precipIntensity": 0,
          "precipProbability": 0,
          "temperature": 48.53,
          "apparentTemperature": 48.53,
          "dewPoint": 41.42,
          "humidity": 0.76,
          "pressure": 1015.26,
          "windSpeed": 1.24,
          "windGust": 1.75,
          "windBearing": 289,
          "cloudCover": 0.08,
          "uvIndex": 0,
          "visibility": 10,
          "ozone": 260.58
        },
        {
          "time": 1540202400,
          "summary": "Clear",
          "icon": "clear-night",
          "precipIntensity": 0,
          "precipProbability": 0,
          "temperature": 47.8,
          "apparentTemperature": 47.8,
          "dewPoint": 40.93,
          "humidity": 0.77,
          "pressure": 1015.09,
          "windSpeed": 1.47,
          "windGust": 1.91,
          "windBearing": 276,
          "cloudCover": 0.11,
          "uvIndex": 0,
          "visibility": 10,
          "ozone": 260.64
        },
        {
          "time": 1540206000,
          "summary": "Clear",
          "icon": "clear-night",
          "precipIntensity": 0.0003,
          "precipProbability": 0.01,
          "precipType": "rain",
          "temperature": 46.75,
          "apparentTemperature": 46.75,
          "dewPoint": 40.4,
          "humidity": 0.78,
          "pressure": 1014.89,
          "windSpeed": 1.94,
          "windGust": 2.13,
          "windBearing": 249,
          "cloudCover": 0.14,
          "uvIndex": 0,
          "visibility": 10,
          "ozone": 260.7
        },
        {
          "time": 1540209600,
          "summary": "Clear",
          "icon": "clear-night",
          "precipIntensity": 0.0003,
          "precipProbability": 0.01,
          "precipType": "rain",
          "temperature": 45.66,
          "apparentTemperature": 45.66,
          "dewPoint": 39.95,
          "humidity": 0.8,
          "pressure": 1014.81,
          "windSpeed": 2.29,
          "windGust": 2.32,
          "windBearing": 229,
          "cloudCover": 0.19,
          "uvIndex": 0,
          "visibility": 10,
          "ozone": 260.83
        },
        {
          "time": 1540213200,
          "summary": "Partly Cloudy",
          "icon": "partly-cloudy-night",
          "precipIntensity": 0.0004,
          "precipProbability": 0.01,
          "precipType": "rain",
          "temperature": 44.25,
          "apparentTemperature": 44.25,
          "dewPoint": 39.37,
          "humidity": 0.83,
          "pressure": 1014.97,
          "windSpeed": 1.7,
          "windGust": 2.46,
          "windBearing": 263,
          "cloudCover": 0.26,
          "uvIndex": 0,
          "visibility": 10,
          "ozone": 261.02
        },
        {
          "time": 1540216800,
          "summary": "Partly Cloudy",
          "icon": "partly-cloudy-night",
          "precipIntensity": 0.0004,
          "precipProbability": 0.01,
          "precipType": "rain",
          "temperature": 42.99,
          "apparentTemperature": 42.99,
          "dewPoint": 38.84,
          "humidity": 0.85,
          "pressure": 1015.24,
          "windSpeed": 1.75,
          "windGust": 2.57,
          "windBearing": 260,
          "cloudCover": 0.34,
          "uvIndex": 0,
          "visibility": 10,
          "ozone": 261.22
        },
        {
          "time": 1540220400,
          "summary": "Partly Cloudy",
          "icon": "partly-cloudy-day",
          "precipIntensity": 0.0004,
          "precipProbability": 0.01,
          "precipType": "rain",
          "temperature": 43.52,
          "apparentTemperature": 43.52,
          "dewPoint": 38.9,
          "humidity": 0.84,
          "pressure": 1015.43,
          "windSpeed": 1.77,
          "windGust": 2.63,
          "windBearing": 261,
          "cloudCover": 0.4,
          "uvIndex": 0,
          "visibility": 10,
          "ozone": 261.42
        },
        {
          "time": 1540224000,
          "summary": "Partly Cloudy",
          "icon": "partly-cloudy-day",
          "precipIntensity": 0.0003,
          "precipProbability": 0.01,
          "precipType": "rain",
          "temperature": 46.64,
          "apparentTemperature": 46.64,
          "dewPoint": 39.99,
          "humidity": 0.78,
          "pressure": 1015.47,
          "windSpeed": 2.61,
          "windGust": 2.66,
          "windBearing": 253,
          "cloudCover": 0.42,
          "uvIndex": 0,
          "visibility": 10,
          "ozone": 261.84
        },
        {
          "time": 1540227600,
          "summary": "Partly Cloudy",
          "icon": "partly-cloudy-day",
          "precipIntensity": 0,
          "precipProbability": 0,
          "temperature": 51.35,
          "apparentTemperature": 51.35,
          "dewPoint": 41.65,
          "humidity": 0.69,
          "pressure": 1015.41,
          "windSpeed": 2.51,
          "windGust": 2.66,
          "windBearing": 10,
          "cloudCover": 0.43,
          "uvIndex": 1,
          "visibility": 10,
          "ozone": 262.25
        }
      ]
    },
    "daily": {
      "summary": "Rain on Wednesday through Friday, with high temperatures peaking at 66°F on Monday.",
      "icon": "rain",
      "data": [
        {
          "time": 1540018800,
          "summary": "Foggy in the morning.",
          "icon": "fog",
          "sunriseTime": 1540046236,
          "sunsetTime": 1540084375,
          "moonPhase": 0.37,
          "precipIntensity": 0.0003,
          "precipIntensityMax": 0.0019,
          "precipIntensityMaxTime": 1540062000,
          "precipProbability": 0.08,
          "precipType": "rain",
          "temperatureHigh": 57.85,
          "temperatureHighTime": 1540072800,
          "temperatureLow": 43.19,
          "temperatureLowTime": 1540130400,
          "apparentTemperatureHigh": 57.85,
          "apparentTemperatureHighTime": 1540072800,
          "apparentTemperatureLow": 42.96,
          "apparentTemperatureLowTime": 1540126800,
          "dewPoint": 45.42,
          "humidity": 0.87,
          "pressure": 1022.06,
          "windSpeed": 4.38,
          "windGust": 13.87,
          "windGustTime": 1540083600,
          "windBearing": 60,
          "cloudCover": 0.28,
          "uvIndex": 3,
          "uvIndexTime": 1540062000,
          "visibility": 8.03,
          "ozone": 248.12,
          "temperatureMin": 43.69,
          "temperatureMinTime": 1540036800,
          "temperatureMax": 57.85,
          "temperatureMaxTime": 1540072800,
          "apparentTemperatureMin": 43.69,
          "apparentTemperatureMinTime": 1540036800,
          "apparentTemperatureMax": 57.85,
          "apparentTemperatureMaxTime": 1540072800
        },
        {
          "time": 1540105200,
          "summary": "Partly cloudy until afternoon.",
          "icon": "partly-cloudy-day",
          "sunriseTime": 1540132726,
          "sunsetTime": 1540170667,
          "moonPhase": 0.4,
          "precipIntensity": 0.0002,
          "precipIntensityMax": 0.0004,
          "precipIntensityMaxTime": 1540123200,
          "precipProbability": 0.03,
          "precipType": "rain",
          "temperatureHigh": 63.41,
          "temperatureHighTime": 1540159200,
          "temperatureLow": 42.99,
          "temperatureLowTime": 1540216800,
          "apparentTemperatureHigh": 63.41,
          "apparentTemperatureHighTime": 1540159200,
          "apparentTemperatureLow": 42.99,
          "apparentTemperatureLowTime": 1540216800,
          "dewPoint": 43.5,
          "humidity": 0.74,
          "pressure": 1016.18,
          "windSpeed": 3.36,
          "windGust": 7.83,
          "windGustTime": 1540105200,
          "windBearing": 48,
          "cloudCover": 0.22,
          "uvIndex": 3,
          "uvIndexTime": 1540148400,
          "visibility": 10,
          "ozone": 254.29,
          "temperatureMin": 43.19,
          "temperatureMinTime": 1540130400,
          "temperatureMax": 63.41,
          "temperatureMaxTime": 1540159200,
          "apparentTemperatureMin": 42.96,
          "apparentTemperatureMinTime": 1540126800,
          "apparentTemperatureMax": 63.41,
          "apparentTemperatureMaxTime": 1540159200
        },
        {
          "time": 1540191600,
          "summary": "Partly cloudy throughout the day.",
          "icon": "partly-cloudy-day",
          "sunriseTime": 1540219216,
          "sunsetTime": 1540256959,
          "moonPhase": 0.43,
          "precipIntensity": 0.0002,
          "precipIntensityMax": 0.0004,
          "precipIntensityMaxTime": 1540220400,
          "precipProbability": 0.03,
          "precipType": "rain",
          "temperatureHigh": 65.77,
          "temperatureHighTime": 1540245600,
          "temperatureLow": 46.87,
          "temperatureLowTime": 1540303200,
          "apparentTemperatureHigh": 65.77,
          "apparentTemperatureHighTime": 1540245600,
          "apparentTemperatureLow": 43.92,
          "apparentTemperatureLowTime": 1540303200,
          "dewPoint": 43.48,
          "humidity": 0.7,
          "pressure": 1014.06,
          "windSpeed": 0.66,
          "windGust": 3.22,
          "windGustTime": 1540256400,
          "windBearing": 322,
          "cloudCover": 0.29,
          "uvIndex": 3,
          "uvIndexTime": 1540238400,
          "visibility": 10,
          "ozone": 260.98,
          "temperatureMin": 42.99,
          "temperatureMinTime": 1540216800,
          "temperatureMax": 65.77,
          "temperatureMaxTime": 1540245600,
          "apparentTemperatureMin": 42.99,
          "apparentTemperatureMinTime": 1540216800,
          "apparentTemperatureMax": 65.77,
          "apparentTemperatureMaxTime": 1540245600
        },
        {
          "time": 1540278000,
          "summary": "Mostly cloudy throughout the day.",
          "icon": "partly-cloudy-night",
          "sunriseTime": 1540305706,
          "sunsetTime": 1540343253,
          "moonPhase": 0.46,
          "precipIntensity": 0.0007,
          "precipIntensityMax": 0.0039,
          "precipIntensityMaxTime": 1540342800,
          "precipProbability": 0.19,
          "precipType": "rain",
          "temperatureHigh": 62.37,
          "temperatureHighTime": 1540328400,
          "temperatureLow": 47.08,
          "temperatureLowTime": 1540393200,
          "apparentTemperatureHigh": 62.37,
          "apparentTemperatureHighTime": 1540328400,
          "apparentTemperatureLow": 47.08,
          "apparentTemperatureLowTime": 1540393200,
          "dewPoint": 45.71,
          "humidity": 0.75,
          "pressure": 1013.45,
          "windSpeed": 5.85,
          "windGust": 20.49,
          "windGustTime": 1540328400,
          "windBearing": 249,
          "cloudCover": 0.57,
          "uvIndex": 2,
          "uvIndexTime": 1540317600,
          "visibility": 10,
          "ozone": 279.63,
          "temperatureMin": 46.87,
          "temperatureMinTime": 1540303200,
          "temperatureMax": 62.37,
          "temperatureMaxTime": 1540328400,
          "apparentTemperatureMin": 43.92,
          "apparentTemperatureMinTime": 1540303200,
          "apparentTemperatureMax": 62.37,
          "apparentTemperatureMaxTime": 1540328400
        },
        {
          "time": 1540364400,
          "summary": "Light rain in the evening.",
          "icon": "rain",
          "sunriseTime": 1540392197,
          "sunsetTime": 1540429548,
          "moonPhase": 0.51,
          "precipIntensity": 0.0057,
          "precipIntensityMax": 0.0384,
          "precipIntensityMaxTime": 1540436400,
          "precipProbability": 0.76,
          "precipType": "rain",
          "temperatureHigh": 61.92,
          "temperatureHighTime": 1540414800,
          "temperatureLow": 51.4,
          "temperatureLowTime": 1540458000,
          "apparentTemperatureHigh": 61.92,
          "apparentTemperatureHighTime": 1540414800,
          "apparentTemperatureLow": 51.4,
          "apparentTemperatureLowTime": 1540458000,
          "dewPoint": 49.98,
          "humidity": 0.88,
          "pressure": 1015.92,
          "windSpeed": 3.31,
          "windGust": 20.33,
          "windGustTime": 1540436400,
          "windBearing": 281,
          "cloudCover": 0.75,
          "uvIndex": 2,
          "uvIndexTime": 1540407600,
          "visibility": 10,
          "ozone": 303.11,
          "temperatureMin": 47.08,
          "temperatureMinTime": 1540393200,
          "temperatureMax": 61.92,
          "temperatureMaxTime": 1540414800,
          "apparentTemperatureMin": 47.08,
          "apparentTemperatureMinTime": 1540393200,
          "apparentTemperatureMax": 61.92,
          "apparentTemperatureMaxTime": 1540414800
        },
        {
          "time": 1540450800,
          "summary": "Rain in the morning and overnight.",
          "icon": "rain",
          "sunriseTime": 1540478688,
          "sunsetTime": 1540515844,
          "moonPhase": 0.54,
          "precipIntensity": 0.0285,
          "precipIntensityMax": 0.1303,
          "precipIntensityMaxTime": 1540468800,
          "precipProbability": 0.99,
          "precipType": "rain",
          "temperatureHigh": 57.69,
          "temperatureHighTime": 1540490400,
          "temperatureLow": 47.21,
          "temperatureLowTime": 1540566000,
          "apparentTemperatureHigh": 57.69,
          "apparentTemperatureHighTime": 1540490400,
          "apparentTemperatureLow": 45.02,
          "apparentTemperatureLowTime": 1540566000,
          "dewPoint": 53.04,
          "humidity": 0.95,
          "pressure": 1011.61,
          "windSpeed": 8.77,
          "windGust": 29.95,
          "windGustTime": 1540533600,
          "windBearing": 276,
          "cloudCover": 0.88,
          "uvIndex": 2,
          "uvIndexTime": 1540494000,
          "visibility": 8.09,
          "ozone": 297.89,
          "temperatureMin": 51.4,
          "temperatureMinTime": 1540458000,
          "temperatureMax": 57.69,
          "temperatureMaxTime": 1540490400,
          "apparentTemperatureMin": 51.4,
          "apparentTemperatureMinTime": 1540458000,
          "apparentTemperatureMax": 57.69,
          "apparentTemperatureMaxTime": 1540490400
        },
        {
          "time": 1540537200,
          "summary": "Light rain in the morning.",
          "icon": "rain",
          "sunriseTime": 1540565179,
          "sunsetTime": 1540602142,
          "moonPhase": 0.57,
          "precipIntensity": 0.0164,
          "precipIntensityMax": 0.0653,
          "precipIntensityMaxTime": 1540537200,
          "precipProbability": 0.92,
          "precipType": "rain",
          "temperatureHigh": 57.26,
          "temperatureHighTime": 1540587600,
          "temperatureLow": 41.91,
          "temperatureLowTime": 1540648800,
          "apparentTemperatureHigh": 57.26,
          "apparentTemperatureHighTime": 1540587600,
          "apparentTemperatureLow": 40.12,
          "apparentTemperatureLowTime": 1540652400,
          "dewPoint": 47.3,
          "humidity": 0.85,
          "pressure": 1016.56,
          "windSpeed": 2.96,
          "windGust": 34.93,
          "windGustTime": 1540540800,
          "windBearing": 334,
          "cloudCover": 0.3,
          "uvIndex": 2,
          "uvIndexTime": 1540580400,
          "visibility": 9.55,
          "ozone": 304.72,
          "temperatureMin": 47.21,
          "temperatureMinTime": 1540566000,
          "temperatureMax": 57.26,
          "temperatureMaxTime": 1540587600,
          "apparentTemperatureMin": 44.88,
          "apparentTemperatureMinTime": 1540620000,
          "apparentTemperatureMax": 57.26,
          "apparentTemperatureMaxTime": 1540587600
        },
        {
          "time": 1540623600,
          "summary": "Mostly cloudy until evening.",
          "icon": "partly-cloudy-day",
          "sunriseTime": 1540651670,
          "sunsetTime": 1540688441,
          "moonPhase": 0.6,
          "precipIntensity": 0.0002,
          "precipIntensityMax": 0.001,
          "precipIntensityMaxTime": 1540623600,
          "precipProbability": 0.15,
          "precipType": "rain",
          "temperatureHigh": 56.84,
          "temperatureHighTime": 1540677600,
          "temperatureLow": 44.34,
          "temperatureLowTime": 1540735200,
          "apparentTemperatureHigh": 56.84,
          "apparentTemperatureHighTime": 1540677600,
          "apparentTemperatureLow": 44.34,
          "apparentTemperatureLowTime": 1540735200,
          "dewPoint": 44.79,
          "humidity": 0.86,
          "pressure": 1026.74,
          "windSpeed": 1.02,
          "windGust": 12.41,
          "windGustTime": 1540688400,
          "windBearing": 309,
          "cloudCover": 0.43,
          "uvIndex": 2,
          "uvIndexTime": 1540666800,
          "visibility": 10,
          "ozone": 294.65,
          "temperatureMin": 41.91,
          "temperatureMinTime": 1540648800,
          "temperatureMax": 56.84,
          "temperatureMaxTime": 1540677600,
          "apparentTemperatureMin": 40.12,
          "apparentTemperatureMinTime": 1540652400,
          "apparentTemperatureMax": 56.84,
          "apparentTemperatureMaxTime": 1540677600
        }
      ]
    },
    "flags": {
      "sources": [
        "nearest-precip",
        "nwspa",
        "cmc",
        "gfs",
        "hrrr",
        "icon",
        "isd",
        "madis",
        "nam",
        "sref",
        "darksky"
      ],
      "nearest-station": 0.515,
      "units": "us"
    },
    "offset": -7
  }