{
    "results" : [
      {
        "address_components" : [
          {
            "long_name" : "Lynnwood",
            "short_name" : "Lynnwood",
            "types" : [ "locality", "political" ]
          },
          {
            "long_name" : "Snohomish County",
            "short_name" : "Snohomish County",
            "types" : [ "administrative_area_level_2", "political" ]
          },
          {
            "long_name" : "Washington",
            "short_name" : "WA",
            "types" : [ "administrative_area_level_1", "political" ]
          },
          {
            "long_name" : "United States",
            "short_name" : "US",
            "types" : [ "country", "political" ]
          }
        ],
        "formatted_address" : "Lynnwood, WA, USA",
        "geometry" : {
          "bounds" : {
            "northeast" : {
              "lat" : 47.85356789999999,
              "lng" : -122.261618
            },
            "southwest" : {
              "lat" : 47.80221909999999,
              "lng" : -122.34211
            }
          },
          "location" : {
            "lat" : 47.8209301,
            "lng" : -122.3151314
          },
          "location_type" : "APPROXIMATE",
          "viewport" : {
            "northeast" : {
              "lat" : 47.85356789999999,
              "lng" : -122.261618
            },
            "southwest" : {
              "lat" : 47.80221909999999,
              "lng" : -122.34211
            }
          }
        },
        "place_id" : "ChIJEYkHncUEkFQRFnhH_GZSc24",
        "types" : [ "locality", "political" ]
      }
    ],
    "status" : "OK"
  }